{
    "name": "hotel royal darbar",
    "owner": "ashok",
    "city": "bhagalpur",
    "country": "India",
    "price": 4000,
    "size": 220,
    "rating": "0",
    "profile_img": "https://www.usatoday.com/story/travel/hotels/2014/08/14/hotel-booking-tips/14006883/",
    "gallery_img": "https://www.usatoday.com/story/travel/hotels/2014/08/14/hotel-booking-tips/14006883/",
    "bedroom": 2,
    "bathroom": 2,
    "maxguests": 4,
    "description": "this is a 5 star hotel",
    "parking": true,
    "wifi": true,
    "breakfast": true,
    "ac": false,
    "tv": true,
    "fridge": true,
    "laundry": false,
    "kitchen": false,
    "smokealarm": false,
    "pets": true,
    "tags": "#xyz,#abc"
}


{
    "email":"sakshipriya@xyz.com",
    "query":"some question",
    "name":"sakshi",
    "phone":6202340097
}